Report Date,Cash & Equivalents,Short Term Investments,Cash & Equivs & ST Investments,Receivables (ST),Inventories,Current Tax Assets,Prepayments (ST),Other Current Assets,Total Current Assets,Gross Property Plant & Equip,Accumulated Depreciation,Net Property Plant & Equip,Long Term Investments,Intangible Assets,Prepayments (LT),Deferred LT Assets,Other Assets,Total Assets,Accounts Payable & Accrued Exps,Accounts Payable,Accrued Expenses,Current Debt,Other Current Liabilities,Total Current Liabilities,LT Debt & Leases,Deferred LT Liabilities,Minority Interests,Other Liabilities,Total Liabilities,Common Share Capital,Retained Earnings,Accum Other Comprehensive Income,For Curr Trans (BS),Other Equity,Total Equity,Total Liabilities & Equity,Sales Revenue,Total Revenue,Direct Costs,Gross Profit,Selling General & Admin,Research & Development,Other Operating Expense,Total Indirect Operating Costs,Operating Income,Interest Income,Other Non0Operating Income,Total Non0Operating Income,Earnings Before Tax,Taxation,Extraordinary Items,Accounting Changes,Net Income,Preference Dividends & Similar,Net Income to Common,Average Shares Basic,EPS Net Basic,EPS Continuing Basic,Average Shares Diluted,EPS Net Diluted,EPS Continuing Diluted,Shares Outstanding,Net Income (Cumu),Adjustments from Inc to Cash (Cumu),Change in Working Capital (Cumu),Cash Flow from Operations (Cumu),Purchase of Pty Plant & Equip (Cumu),Investment Purchase (Cumu),Investment Disposal (Cumu),Change in Business Activities (Cumu),Other Investing Cash Flows (Cumu),Cash Flow from Investing (Cumu),Change in ST Debt (Cumu),Change in LT Debt (Cumu),Change in Equity (Cumu),Payment of Dividends (Cumu),Other Financing Cash Flows (Cumu),Cash Flow from Financing (Cumu),Change in Cash (Cumu),Opening Cash (Cumu),Closing Cash,Depn & Amortn (CF) (Cumu),Net Purch of Pty Plant & Equip (Cumu),Cash & Equivalents %TA,Short Term Investments %TA,Cash & Equivs & ST Investments %TA,Receivables (ST) %TA,Inventories %TA,Current Tax Assets %TA,Prepayments ST %TA,Other Current Assets %TA,Total Current Assets %TA,Gross Property Plant & Equip %TA,Accumulated Depreciation %TA,Net Property Plant & Equip %TA,LT Investments %TA,Intangible Assets %TA,Prepayments LT %TA,Deferred LT Assets %TA,Other Assets %TA,Total Assets as 100%,Accounts Payable & Accrued Exps %TA,Accounts Payable %TA,Accrued Expenses %TA,Current Debt %TA,Other Current Liabilities %TA,Total Current Liabilities %TA,LT Debt & Lease %TA,Deferred LT Liabilities %TA,Minority Interests %TA,Other Liabilities %TA,Total Liabilities %TA,Common Share Capital %TA,Retained Earnings %TA,Accum Other Comprehens Income %TA,Other Equity %TA,Total Equity %TA,Total Liabilities & Equity %TA,Sales Revenue %TR,Total Revenue (100% TR),Direct Costs %TR,Gross Profit %TR,Selling General & Admin %TR,Research & Development %TR,Other Operating Expense %TR,Total Indirect Operating Costs %TR,Operating Income %TR,Interest Income %TR,Other Non0Operating Income %TR,Total Non0Operating Income %TR,Earnings Before Tax %TR,Taxation %TR,Extraordinary Items %TR,Accounting Changes %TR,Net Income %TR,Preference Dividends & Similar %TR,Net Income to Common %TR
03/31/2018,45059,42881,87940,22408,7662,0,0,12043,130053,80502,45425,35077,179286,0,0,0,23086,367502,61067,34311,26756,20478,7775,89320,101362,3635,0,46307,240624,0,91898,3064,227,38271,126878,367502,61137,61137,37715,23422,4150,3378,0,7528,15894,713,439,274,16168,2346,0,0,13822,0,13822,5024.877,2.75,2.75,5068.493,2.73,2.73,4943.282,33887,26258,35794,43423,7005,48449,70826,305,53,15120,1,6469,32524,6529,1190,33773,24770,20289,45059,5484,7005,12.261,11.668,23.929,6.097,2.085,0,0,3.277,35.388,21.905,12.36,9.545,48.785,0,0,0,6.282,100,16.617,9.336,7.281,5.572,2.116,24.305,27.581,0.989,0,12.6,65.476,0,25.006,0.834,10.414,34.524,100,100,100,61.689,38.311,6.788,5.525,0,12.313,25.997,1.166,0.718,0.448,26.446,3.837,0,0,22.608,0,22.608
12/30/2017,27491,49662,77153,50899,4421,0,0,11337,143810,77110,43431,33679,207944,8038,0,0,13323,406794,89266,62985,26281,18478,8044,115788,103922,3679,0,43206,266595,0,104593,841,314,36761,140199,406794,88293,88293,54381,33912,4231,3407,0,7638,26274,718,38,756,27030,6965,0,0,20065,0,20065,5112.877,3.92,3.92,5157.787,3.89,3.89,5081.651,20065,29707,37935,28293,2810,41366,30849,173,90,13590,2,6969,10095,3339,1038,7501,7202,20289,27491,2745,2810,6.758,12.208,18.966,12.512,1.087,0,0,2.787,35.352,18.956,10.676,8.279,51.118,1.976,0,0,3.275,100,21.944,15.483,6.461,4.542,1.977,28.464,25.547,0.904,0,10.621,65.536,0,25.712,0.207,9.037,34.464,100,100,100,61.592,38.408,4.792,3.859,0,8.651,29.758,0.813,0.043,0.856,30.614,7.889,0,0,22.725,0,22.725
09/30/2017,20289,53892,74181,35673,4855,0,0,13936,128645,75076,41293,33783,194714,8015,0,0,10162,375319,74793,49049,25744,18473,7548,100814,97207,34340,0,8911,241272,35867,98330,150,354,354,134047,375319,52579,52579,32648,19931,3814,2997,0,6811,13120,702,95,797,13917,3203,0,0,10714,0,10714,5149.427,2.09,2.09,5183.586,2.07,2.07,5126.201,48351,20797,5550,63598,12451,159881,126339,329,124,46446,3852,25162,31718,12769,1874,17347,195,20484,20289,10157,12451,5.406,14.359,19.765,9.505,1.294,0,0,3.713,34.276,20.003,11.002,9.001,51.88,2.136,0,0,2.708,100,19.928,13.069,6.859,4.922,2.011,26.861,25.9,9.15,0,2.374,64.285,9.556,26.199,0.04,0.094,35.715,100,100,100,62.093,37.907,7.254,5.7,0,12.954,24.953,1.335,0.181,1.516,26.469,6.092,0,0,20.377,0,20.377
07/01/2017,18571,58188,76759,22632,3146,0,0,10338,112875,68981,39695,29286,184757,8105,0,0,10150,345173,55219,31915,23304,18475,7608,81302,89864,33175,0,8407,212748,34445,98525,545,619,619,132425,345173,45408,45408,27920,17488,3783,2937,0,6720,10768,725,185,540,11308,2591,0,0,8717,0,8717,5195.088,1.68,1.68,5233.499,1.67,1.67,5169.782,37637,15961,5656,47942,8586,123868,96094,248,104,36504,3866,18225,24297,9499,1646,13351,1913,20484,18571,7673,8586,5.38,16.858,22.238,6.557,0.911,0,0,2.995,32.701,19.984,11.5,8.484,53.526,2.348,0,0,2.941,100,15.997,9.246,6.751,5.352,2.204,23.554,26.034,9.611,0,2.436,61.635,9.979,28.544,0.158,0.179,38.365,100,100,100,61.487,38.513,8.331,6.468,0,14.799,23.714,1.597,0.407,1.189,24.903,5.706,0,0,19.197,0,19.197
04/01/2017,15157,51944,67101,20612,2910,0,0,11367,101990,65124,37961,27163,189740,8090,0,0,7549,334532,51669,28573,23096,13991,7682,73342,84531,31333,0,11244,200450,0,100925,422,739,34318,134082,334532,52896,52896,32305,20591,3718,2776,0,6494,14097,752,165,587,14684,3655,0,0,11029,0,11029,5225.791,2.11,2.11,5261.688,2.1,2.1,5205.815,28920,10405,254,39579,6309,99821,72883,67,10,33324,1879,10975,17514,6134,788,11582,5327,20484,15157,5319,6309,4.531,15.527,20.058,6.161,0.87,0,0,3.398,30.487,19.467,11.347,8.12,56.718,2.418,0,0,2.257,100,15.445,8.541,6.904,4.182,2.296,21.924,25.268,9.366,0,3.361,59.92,0,30.169,0.126,10.259,40.08,100,100,100,61.073,38.927,7.029,5.248,0,12.277,26.65,1.422,0.312,1.11,27.76,6.91,0,0,20.85,0,20.85
12/31/2016,16371,44081,60452,27977,2712,0,0,12191,103332,62759,36249,26510,185638,8271,0,0,7390,331141,62249,38510,23739,13992,7889,84130,73557,30111,0,10953,198751,0,100001,245,953,33097,132390,331141,78351,78351,48175,30176,3946,2871,0,6817,23359,699,122,821,24180,6289,0,0,17891,0,17891,5298.661,3.38,3.38,5327.995,3.36,3.36,5255.423,17891,5421,3744,27056,3334,54272,38691,17,190,19122,2385,0,10673,3130,629,12047,4113,20484,16371,2987,3334,4.944,13.312,18.256,8.449,0.819,0,0,3.682,31.205,18.952,10.947,8.006,56.06,2.498,0,0,2.232,100,18.798,11.629,7.169,4.225,2.382,25.406,22.213,9.093,0,3.308,60.02,0,30.199,0.074,9.995,39.98,100,100,100,61.486,38.514,5.036,3.664,0,8.701,29.813,0.892,0.156,1.048,30.861,8.027,0,0,22.834,0,22.834
09/24/2016,20484,46671,67155,29299,2132,0,0,8283,106869,61245,34235,27010,170430,8620,0,0,8757,321686,59321,37294,22027,11605,8080,79006,75427,28949,0,10055,193437,31251,96364,634,578,578,128249,321686,46852,46852,29039,17813,3482,2570,0,6052,11761,586,159,427,12188,3174,0,0,9014,0,9014,5366.912,1.69,1.69,5393.331,1.69,1.69,5336.166,45687,19653,484,65824,12734,143816,111794,297,924,45977,397,22454,28820,12150,1570,20483,636,21120,20484,10505,12734,6.368,14.508,20.876,9.108,0.663,0,0,2.575,33.222,19.039,10.642,8.396,52.98,2.68,0,0,2.722,100,18.441,11.593,6.847,3.608,2.512,24.56,23.447,8.999,0,3.126,60.132,9.715,29.956,0.197,0.18,39.868,100,100,100,61.98,38.02,7.432,5.485,0,12.917,25.102,1.251,0.339,0.911,26.014,6.775,0,0,19.239,0,19.239
06/25/2016,18237,43519,61756,19042,1831,0,0,11132,93761,57991,32543,25448,169764,8767,0,0,7862,305602,47138,26318,20820,15996,8352,71486,68939,27624,0,11012,179061,30106,96542,107,589,589,126541,305602,42358,42358,26252,16106,3441,2560,0,6001,10105,627,263,364,10469,2673,0,0,7796,0,7796,5443.058,1.43,1.43,5472.781,1.42,1.42,5393.165,36673,16328,3303,49698,8757,113444,84841,146,1074,38580,3992,15484,23058,9058,1361,14001,2883,21120,18237,7957,8757,5.968,14.24,20.208,6.231,0.599,0,0,3.643,30.681,18.976,10.649,8.327,55.551,2.869,0,0,2.573,100,15.425,8.612,6.813,5.234,2.733,23.392,22.558,9.039,0,3.603,58.593,9.851,31.591,0.035,0.193,41.407,100,100,100,61.976,38.024,8.124,6.044,0,14.167,23.856,1.48,0.621,0.859,24.716,6.31,0,0,18.405,0,18.405
03/26/2016,21514,33769,55283,19824,2281,0,0,10204,87592,54051,30848,23203,177645,9092,0,0,7745,305277,48306,25098,23208,10498,9461,68265,69374,26277,0,10904,174820,0,102021,1048,635,30119,130457,305277,50557,50557,30636,19921,3423,2511,0,5934,13987,665,510,155,14142,3626,0,0,10516,0,10516,5514.381,1.91,1.91,5540.886,1.9,1.9,5478.446,28877,10649,462,39064,5948,86242,59199,140,979,34110,503,15584,13019,5871,751,4560,394,21120,21514,5431,5948,7.047,11.062,18.109,6.494,0.747,0,0,3.343,28.693,17.706,10.105,7.601,58.191,2.978,0,0,2.537,100,15.824,8.221,7.602,3.439,3.099,22.362,22.725,8.608,0,3.572,57.266,0,33.419,0.343,9.866,42.734,100,100,100,60.597,39.403,6.771,4.967,0,11.737,27.666,1.315,1.009,0.307,27.972,7.172,0,0,20.8,0,20.8
12/26/2015,16689,21385,38074,24621,2451,0,0,11073,76219,51342,29042,22300,177665,9126,0,0,7974,293284,57344,33312,24032,9759,8989,76092,53204,25163,0,10558,165017,28253,101494,1480,755,755,128267,293284,75872,75872,45449,30423,3848,2404,0,6252,24171,665,263,402,24573,6212,0,0,18361,0,18361,5558.93,3.3,3.3,5594.127,3.28,3.28,5544.487,18361,5624,3478,27463,3612,47836,31776,86,692,20450,1240,0,6638,2969,597,11444,4431,21120,16689,2954,3612,5.69,7.292,12.982,8.395,0.836,0,0,3.776,25.988,17.506,9.902,7.604,60.578,3.112,0,0,2.719,100,19.552,11.358,8.194,3.327,3.065,25.945,18.141,8.58,0,3.6,56.265,9.633,34.606,0.505,0.257,43.735,100,100,100,59.902,40.098,5.072,3.168,0,8.24,31.858,0.876,0.347,0.53,32.387,8.187,0,0,24.2,0,24.2
09/26/2015,21120,20481,41601,30343,2349,5546,0,9539,89378,49257,26786,22471,164065,9009,0,0,5556,290479,60671,35490,25181,10999,8940,80610,53463,27686,0,9365,171124,27416,92284,345,653,653,119355,290479,51501,51501,30953,20548,3705,2220,0,5925,14623,588,149,439,15062,3938,0,0,11124,0,11124,5646.918,1.98,1.98,5682.516,1.97,1.97,5578.753,53394,16225,11647,81266,11247,166402,121985,343,267,56274,2191,27114,33961,11561,1499,17716,7276,13844,21120,11257,11247,7.271,7.051,14.322,10.446,0.809,1.909,0,3.284,30.769,16.957,9.221,7.736,56.481,3.101,0,0,1.913,100,20.887,12.218,8.669,3.787,3.078,27.751,18.405,9.531,0,3.224,58.911,9.438,31.77,0.119,0.225,41.089,100,100,100,60.102,39.898,7.194,4.311,0,11.505,28.394,1.142,0.289,0.852,29.246,7.646,0,0,21.6,0,21.6
06/27/2015,15319,19384,34703,19907,2042,5010,0,9291,70953,45544,24395,21149,168145,8823,0,0,4081,273151,36379,26474,9905,6999,21907,65285,47419,28013,0,6757,147474,26327,98252,1098,421,421,125677,273151,49605,49605,29924,19681,3564,2034,0,5598,14083,565,175,390,14473,3796,0,0,10677,0,10677,5729.886,1.86,1.86,5773.099,1.85,1.85,5705.4,42270,13629,11892,67791,7629,137524,90551,230,67,54899,1808,21312,20992,8597,1332,11417,1475,13844,15319,8138,7629,5.608,7.096,12.705,7.288,0.748,1.834,0,3.401,25.976,16.674,8.931,7.743,61.558,3.23,0,0,1.494,100,13.318,9.692,3.626,2.562,8.02,23.901,17.36,10.256,0,2.474,53.99,9.638,35.97,0.402,0.154,46.01,100,100,100,60.325,39.675,7.185,4.1,0,11.285,28.39,1.139,0.353,0.786,29.176,7.652,0,0,21.524,0,21.524
03/28/2015,14489,18607,33096,18164,2396,5141,0,9094,67891,42460,22309,20151,160443,8772,0,0,3937,261194,32957,23159,9798,3799,21973,58729,40072,27396,0,5991,132188,0,100920,2710,488,25864,129006,261194,58010,58010,34354,23656,3460,1918,0,5378,18278,512,226,286,18564,4995,0,0,13569,0,13569,5793.799,2.34,2.34,5834.858,2.33,2.33,5762.278,31593,8748,12462,52803,5586,92523,54795,115,67,43496,2508,11332,11334,5544,608,8662,645,13844,14489,5054,5586,5.547,7.124,12.671,6.954,0.917,1.968,0,3.482,25.993,16.256,8.541,7.715,61.427,3.358,0,0,1.507,100,12.618,8.867,3.751,1.454,8.413,22.485,15.342,10.489,0,2.294,50.609,0,38.638,1.038,9.902,49.391,100,100,100,59.221,40.779,5.964,3.306,0,9.271,31.508,0.883,0.39,0.493,32.001,8.611,0,0,23.391,0,23.391
12/27/2014,19478,12985,32463,29976,2283,5046,0,13635,83403,40747,20355,20392,145492,8999,0,0,3608,261894,48114,38001,10113,3899,21598,73611,32504,26851,0,5600,138566,24187,97178,1963,308,308,123328,261894,74599,74599,44858,29741,3600,1895,0,5495,24246,523,353,170,24416,6392,0,0,18024,0,18024,5843.082,3.08,3.08,5881.803,3.06,3.06,5826.419,18024,5660,10038,33722,3217,44915,26973,23,17,21165,2409,3485,4686,2801,512,6923,5634,13844,19478,2575,3217,7.437,4.958,12.395,11.446,0.872,1.927,0,5.206,31.846,15.559,7.772,7.786,55.554,3.436,0,0,1.378,100,18.372,14.51,3.861,1.489,8.247,28.107,12.411,10.253,0,2.138,52.909,9.235,37.106,0.75,0.118,47.091,100,100,100,60.132,39.868,4.826,2.54,0,7.366,32.502,0.701,0.473,0.228,32.73,8.568,0,0,24.161,0,24.161
09/27/2014,13844,11233,25077,27219,2111,4318,0,9806,68531,39015,18391,20624,130162,8758,0,0,3764,231839,39094,30196,8898,6308,18046,63448,28987,23290,0,4567,120292,23313,87152,1082,242,242,111547,231839,42123,42123,26114,16009,3158,1686,0,4844,11165,404,97,307,11472,3005,0,0,8467,0,8467,5933.847,1.43,1.43,5972.081,1.42,1.42,5866.161,39510,13156,7047,59713,9571,217128,208111,3765,226,22579,6306,11960,43531,11126,1158,37549,415,14259,13844,7946,9571,5.971,4.845,10.817,11.74,0.911,1.862,0,4.23,29.56,16.828,7.933,8.896,56.143,3.778,0,0,1.624,100,16.863,13.025,3.838,2.721,7.784,27.367,12.503,10.046,0,1.97,51.886,10.056,37.592,0.467,0.104,48.114,100,100,100,61.995,38.005,7.497,4.003,0,11.5,26.506,0.959,0.23,0.729,27.235,7.134,0,0,20.101,0,20.101
06/28/2014,12977,24828,37805,16841,1594,3884,0,7825,67949,34453,16868,17585,126685,6141,0,0,4160,222520,29134,20535,8599,2010,15061,46205,29030,23217,0,3128,101580,22139,98715,86,140,140,120940,222520,37432,37432,22697,14735,2850,1603,0,4453,10282,339,137,202,10484,2736,0,0,7748,0,7748,6012.635,1.29,1.29,6051.711,1.28,1.28,5989.171,31043,11232,4188,46463,5745,160662,141938,898,209,25576,2010,11960,27003,8297,839,22169,1282,14259,12977,5977,5745,5.832,11.158,16.989,7.568,0.716,1.745,0,3.517,30.536,15.483,7.58,7.903,56.932,2.76,0,0,1.869,100,13.093,9.228,3.864,0.903,6.768,20.764,13.046,10.434,0,1.406,45.65,9.949,44.362,0.039,0.063,54.35,100,100,100,60.635,39.365,7.614,4.282,0,11.896,27.468,0.906,0.366,0.54,28.008,7.309,0,0,20.699,0,20.699
03/29/2014,18949,22401,41350,15820,1829,4014,0,7528,70541,30406,15286,15120,109239,5983,0,0,5106,205989,27825,18914,8911,0,15383,43208,16962,22635,0,3005,85810,21496,98934,251,191,191,120179,205989,45646,45646,27699,17947,2932,1422,0,4354,13593,325,100,225,13818,3595,0,0,10223,0,10223,6123.299,1.67,1.67,6156.696,1.66,1.66,6032.215,23295,7467,5446,36208,3367,90360,91110,559,186,3362,0,0,22296,5430,430,28156,4690,14259,18949,4031,3367,9.199,10.875,20.074,7.68,0.888,1.949,0,3.655,34.245,14.761,7.421,7.34,53.031,2.905,0,0,2.479,100,13.508,9.182,4.326,0,7.468,20.976,8.234,10.988,0,1.459,41.658,10.436,48.029,0.122,0.093,58.342,100,100,100,60.682,39.318,6.423,3.115,0,9.539,29.779,0.712,0.219,0.493,30.272,7.876,0,0,22.396,0,22.396
12/28/2013,14077,26634,40711,25198,2122,3742,0,8574,80347,29288,13800,15488,118131,6127,0,0,5091,225184,37796,29588,8208,0,15973,53769,16961,21377,0,3393,95500,20559,109431,306,172,172,129684,225184,57594,57594,35748,21846,3053,1330,0,4383,17463,343,97,246,17709,4637,0,0,13072,0,13072,6272.504,2.08,2.08,6310.164,2.07,2.07,6247.129,13072,4078,5520,22670,1985,48397,35858,525,54,15103,0,0,4615,2769,365,7749,182,14259,14077,2144,1985,6.251,11.828,18.079,11.19,0.942,1.662,0,3.808,35.681,13.006,6.128,6.878,52.46,2.721,0,0,2.261,100,16.784,13.139,3.645,0,7.093,23.878,7.532,9.493,0,1.507,42.41,9.13,48.596,0.136,0.076,57.59,100,100,100,62.069,37.931,5.301,2.309,0,7.61,30.321,0.596,0.168,0.427,30.748,8.051,0,0,22.697,0,22.697
09/28/2013,14259,26287,40546,20641,1764,3453,0,6882,73286,28519,11922,16597,106215,5756,0,0,5146,207000,28784,22367,6417,0,14874,43658,16960,19114,0,3719,83451,19764,104256,471,105,105,123549,207000,37472,37472,23601,13871,2673,1168,0,3841,10030,0,0,113,10143,2631,0,0,7512,0,7512,6329.12,1.19,1.19,6363.924,1.19,1.19,6294.491,37037,10151,6478,53666,8165,148489,124447,496,1071,33774,0,16896,21629,10564,1082,16379,3513,10746,14259,6757,8165,6.888,12.699,19.587,9.971,0.852,1.668,0,3.325,35.404,13.777,5.759,8.018,51.312,2.781,0,0,2.486,100,13.905,10.805,3.1,0,7.186,21.091,8.193,9.234,0,1.797,40.314,9.548,50.365,0.228,0.051,59.686,100,100,100,62.983,37.017,7.133,3.117,0,10.25,26.767,0,0,0.302,27.068,7.021,0,0,20.047,0,20.047
06/29/2013,11248,31358,42606,13453,1697,3193,0,7270,68219,26889,10562,16327,104014,5875,0,0,5421,199856,21681,15516,6165,0,14638,36319,16958,18742,0,4483,76502,19024,104564,234,169,169,123354,199856,35323,35323,22299,13024,2645,1178,0,3823,9201,0,0,234,9435,2535,0,0,6900,0,6900,6430.326,1.07,1.07,6469.855,1.07,1.07,6359.094,29525,9196,5037,43758,6210,122681,95697,443,748,34385,0,16896,16971,7795,1001,8871,502,10746,11248,4974,6210,5.628,15.69,21.318,6.731,0.849,1.598,0,3.638,34.134,13.454,5.285,8.169,52.044,2.94,0,0,2.712,100,10.848,7.764,3.085,0,7.324,18.173,8.485,9.378,0,2.243,38.279,9.519,52.32,0.117,0.085,61.721,100,100,100,63.129,36.871,7.488,3.335,0,10.823,26.048,0,0,0.662,26.711,7.177,0,0,19.534,0,19.534
03/30/2013,12053,27084,39137,13336,1245,3242,0,6377,63337,24194,9168,15026,105550,5536,0,0,5294,194743,21097,14912,6185,0,14411,35508,0,19358,0,4387,59253,17954,116572,964,69,69,135490,194743,43603,43603,27254,16349,2672,1119,0,3791,12558,420,73,347,12905,3358,0,0,9547,0,9547,6577.403,1.45,1.45,6622.245,1.44,1.44,6580.658,22625,6357,6948,35930,4325,81163,58431,299,522,27878,0,0,1173,4984,588,6745,1307,10746,12053,3280,4325,6.189,13.908,20.097,6.848,0.639,1.665,0,3.275,32.523,12.424,4.708,7.716,54.2,2.843,0,0,2.718,100,10.833,7.657,3.176,0,7.4,18.233,0,9.94,0,2.253,30.426,9.219,59.859,0.495,0.035,69.574,100,100,100,62.505,37.495,6.128,2.566,0,8.694,28.801,0.963,0.167,0.796,29.597,7.701,0,0,21.895,0,21.895
12/29/2012,16154,23666,39820,21534,1455,2895,0,6644,72348,23214,7792,15422,97292,5843,0,0,5183,196088,32266,26398,5868,0,14613,46879,0,18592,0,3271,68742,17167,109567,612,18,18,127346,196088,54512,54512,33452,21060,2840,1010,0,3850,17210,421,41,462,17672,4594,0,0,13078,0,13078,6572.412,1.99,1.99,6630.519,1.97,1.97,6572.811,13078,3312,7036,23426,2317,37192,26462,284,190,13521,0,0,1470,2493,534,4497,5408,10746,16154,1588,2317,8.238,12.069,20.307,10.982,0.742,1.476,0,3.388,36.896,11.839,3.974,7.865,49.616,2.98,0,0,2.643,100,16.455,13.462,2.993,0,7.452,23.907,0,9.481,0,1.668,35.057,8.755,55.876,0.312,0.009,64.943,100,100,100,61.366,38.634,5.21,1.853,0,7.063,31.571,0.772,0.075,0.848,32.419,8.428,0,0,23.991,0,23.991
09/29/2012,10746,18383,29129,18692,791,2583,0,6458,57653,21887,6435,15452,92122,5359,0,0,5478,176064,25993,21175,4818,0,12549,38542,0,16495,0,2817,57854,16422,101289,499,8,8,118210,176064,35966,35966,21565,14401,2551,906,0,3457,10944,0,0,51,10893,2670,0,0,8223,0,8223,6567.792,1.25,1.25,6636.7,1.24,1.24,6574.456,41733,9422,299,50856,8295,151232,112805,350,1155,48227,0,0,2016,2488,1226,1698,931,9815,10746,3277,8295,6.103,10.441,16.545,10.617,0.449,1.467,0,3.668,32.745,12.431,3.655,8.776,52.323,3.044,0,0,3.111,100,14.763,12.027,2.737,0,7.128,21.891,0,9.369,0,1.6,32.86,9.327,57.53,0.283,0.005,67.14,100,100,100,59.959,40.041,7.093,2.519,0,9.612,30.429,0,0,0.142,30.287,7.424,0,0,22.863,0,22.863
06/30/2012,7945,19709,27654,14298,1122,2309,0,6560,51943,16205,5718,10487,89567,5461,0,0,5438,162896,21317,16808,4509,0,11743,33060,0,15725,0,2365,51150,15573,95641,532,65,65,111746,162896,35023,35023,20029,14994,2545,876,0,3421,11573,0,0,288,11861,3037,0,0,8824,0,8824,6556.172,1.35,1.35,6629.413,1.33,1.33,6560.862,33510,7654,556,41720,4834,121091,83484,350,1123,43914,0,0,1469,0,1145,324,1870,9815,7945,2296,4834,4.877,12.099,16.976,8.777,0.689,1.417,0,4.027,31.887,9.948,3.51,6.438,54.984,3.352,0,0,3.338,100,13.086,10.318,2.768,0,7.209,20.295,0,9.653,0,1.452,31.4,9.56,58.713,0.327,0.04,68.6,100,100,100,57.188,42.812,7.267,2.501,0,9.768,33.044,0,0,0.822,33.866,8.671,0,0,25.195,0,25.195
03/31/2012,10121,18417,28538,13769,1102,2253,0,5050,50712,13941,5094,8847,81638,4745,0,0,4992,150934,21100,17011,4089,0,10936,32036,0,14150,0,2250,48436,14850,87124,524,0,0,102498,150934,39186,39186,20622,18564,2339,841,0,3180,15384,254,106,148,15532,3910,0,0,11622,0,11622,6535.074,1.78,1.78,6614.251,1.76,1.76,6544.874,24686,5220,1625,31531,2778,85022,56754,350,208,31604,0,0,1013,0,634,379,306,9815,10121,1461,2778,6.706,12.202,18.908,9.123,0.73,1.493,0,3.346,33.599,9.236,3.375,5.862,54.089,3.144,0,0,3.307,100,13.98,11.27,2.709,0,7.246,21.225,0,9.375,0,1.491,32.091,9.839,57.723,0.347,0,67.909,100,100,100,52.626,47.374,5.969,2.146,0,8.115,39.259,0.648,0.271,0.378,39.637,9.978,0,0,29.659,0,29.659
12/31/2011,10310,19846,30156,16484,1236,1937,0,4958,54771,12340,4524,7816,67445,4368,0,0,4281,138681,23571,18221,5350,0,11036,34607,0,11912,0,2108,48627,13961,75709,384,17,17,90054,138681,46333,46333,25630,20703,2605,758,0,3363,17340,0,0,137,17477,4413,0,0,13064,0,13064,6517.287,2,2,6591.004,1.98,1.98,6525.498,13064,2597,1893,17554,1321,40175,24510,0,142,17128,0,0,424,0,355,69,495,9815,10310,721,1321,7.434,14.311,21.745,11.886,0.891,1.397,0,3.575,39.494,8.898,3.262,5.636,48.633,3.15,0,0,3.087,100,16.997,13.139,3.858,0,7.958,24.954,0,8.589,0,1.52,35.064,10.067,54.592,0.277,0.012,64.936,100,100,100,55.317,44.683,5.622,1.636,0,7.258,37.425,0,0,0.296,37.72,9.525,0,0,28.196,0,28.196
09/24/2011,9815,16137,25952,11717,776,2014,0,4529,44988,11768,3991,7777,55618,4432,0,0,3556,116371,18200,14632,3568,0,9770,27970,0,9845,0,1941,39756,13331,62841,443,23,23,76615,116371,28270,28270,16890,11380,2025,645,0,2670,8710,0,0,81,8791,2168,0,0,6623,0,6623,6497.967,1.02,1.02,6576.612,1.01,1.01,6504.939,25922,5850,5757,37529,4260,102317,69853,244,3451,40419,0,0,1964,0,520,1444,1446,11261,9815,1814,4260,8.434,13.867,22.301,10.069,0.667,1.731,0,3.892,38.659,10.112,3.43,6.683,47.794,3.809,0,0,3.056,100,15.64,12.574,3.066,0,8.396,24.035,0,8.46,0,1.668,34.163,11.456,54.001,0.381,0.02,65.837,100,100,100,59.745,40.255,7.163,2.282,0,9.445,30.81,0,0,0.287,31.097,7.669,0,0,23.428,0,23.428
06/25/2011,12091,16304,28395,11471,889,1892,0,4251,46898,10348,3599,6749,47761,1910,0,0,3440,106758,18624,15270,3354,0,8235,26859,0,8738,0,1818,37415,12715,56239,389,136,136,69343,106758,28571,28571,16649,11922,1915,628,0,2543,9379,0,0,172,9551,2243,0,0,7308,0,7308,6482.756,1.13,1.13,6564.67,1.11,1.11,6488.326,19299,4373,3428,27100,2615,75133,50697,0,232,27283,0,0,1492,0,479,1013,830,11261,12091,1271,2615,11.326,15.272,26.598,10.745,0.833,1.772,0,3.982,43.929,9.693,3.371,6.322,44.738,1.789,0,0,3.222,100,17.445,14.303,3.142,0,7.714,25.159,0,8.185,0,1.703,35.047,11.91,52.679,0.364,0.127,64.953,100,100,100,58.272,41.728,6.703,2.198,0,8.901,32.827,0,0,0.602,33.429,7.851,0,0,25.578,0,25.578
03/26/2011,15978,13256,29234,11095,930,1683,0,4055,46997,9416,3175,6241,36533,1248,0,0,3885,94904,16749,13714,3035,0,7578,24327,0,7380,0,1720,33427,12326,49025,126,125,125,61477,94904,24667,24667,14449,10218,1763,581,0,2344,7874,0,0,26,7900,1913,0,0,5987,0,5987,6462.372,0.93,0.93,6551.608,0.91,0.91,6472.719,11991,2939,1062,15992,1838,42260,31916,0,69,12251,0,0,1234,0,258,976,4717,11261,15978,790,1838,16.836,13.968,30.804,11.691,0.98,1.773,0,4.273,49.521,9.922,3.345,6.576,38.495,1.315,0,0,4.094,100,17.648,14.45,3.198,0,7.985,25.633,0,7.776,0,1.812,35.222,12.988,51.657,0.133,0.132,64.778,100,100,100,58.576,41.424,7.147,2.355,0,9.503,31.921,0,0,0.105,32.027,7.755,0,0,24.271,0,24.271
12/25/2010,10734,16243,26977,10874,885,1724,0,3467,43927,8635,2767,5868,32730,1263,0,0,2954,86742,16264,14301,1963,0,7531,23795,0,6634,0,1647,32076,11502,43050,114,51,51,54666,86742,26741,26741,16443,10298,1896,575,0,2471,7827,0,0,136,7963,1959,0,0,6004,0,6004,6435.058,0.93,0.93,6532.078,0.92,0.92,6447.248,6004,1478,2291,9773,1214,19575,10132,0,72,10729,0,0,662,0,233,429,527,11261,10734,356,1214,12.375,18.726,31.1,12.536,1.02,1.988,0,3.997,50.641,9.955,3.19,6.765,37.733,1.456,0,0,3.406,100,18.75,16.487,2.263,0,8.682,27.432,0,7.648,0,1.899,36.979,13.26,49.63,0.131,0.059,63.021,100,100,100,61.49,38.51,7.09,2.15,0,9.24,29.27,0,0,0.509,29.778,7.326,0,0,22.452,0,22.452
09/25/2010,11261,14359,25620,9924,1051,1636,0,3447,41678,7234,2466,4768,25391,1083,0,0,2263,75183,13818,12015,1803,0,6904,20722,0,5439,0,1231,27392,10668,37169,46,35,35,47791,75183,20343,20343,12831,7512,1571,494,0,2065,5447,0,0,14,5461,1153,0,0,4308,0,4308,6401.906,0.67,0.67,6501.775,0.66,0.66,6411.79,14013,3370,1212,18595,2005,57811,46718,638,118,13854,0,0,1663,0,406,1257,5998,5263,11261,1027,2005,14.978,19.099,34.077,13.2,1.398,2.176,0,4.585,55.435,9.622,3.28,6.342,33.772,1.44,0,0,3.01,100,18.379,15.981,2.398,0,9.183,27.562,0,7.234,0,1.637,36.434,14.189,49.438,0.061,0.047,63.566,100,100,100,63.073,36.927,7.723,2.428,0,10.151,26.776,0,0,0.069,26.845,5.668,0,0,21.177,0,21.177
06/26/2010,9705,14583,24288,6399,942,1216,0,3188,36033,6228,2238,3990,21551,1032,0,0,2119,64725,9885,8469,1416,0,5727,15612,0,4849,0,1153,21614,10133,32870,108,15,15,43111,64725,15700,15700,9564,6136,1438,464,0,1902,4234,0,0,58,4292,1039,0,0,3253,0,3253,6385.379,0.51,0.51,6491.527,0.5,0.5,6394.376,9705,2665,542,12912,1245,41328,33806,615,89,9471,0,0,1385,0,384,1001,4442,5263,9705,698,1245,14.994,22.531,37.525,9.886,1.455,1.879,0,4.925,55.671,9.622,3.458,6.165,33.296,1.594,0,0,3.274,100,15.272,13.085,2.188,0,8.848,24.121,0,7.492,0,1.781,33.394,15.655,50.784,0.167,0.023,66.606,100,100,100,60.917,39.083,9.159,2.955,0,12.115,26.968,0,0,0.369,27.338,6.618,0,0,20.72,0,20.72
03/27/2010,10018,13137,23155,4629,638,1142,190,2582,32336,5555,2051,3504,18549,823,781,129,935,57057,7152,5666,1486,0,5077,12229,0,4182,0,1298,17709,9553,29670,125,39,39,39348,57057,13499,13499,7874,5625,1220,426,0,1646,3979,0,0,50,4029,955,0,0,3074,0,3074,6352.836,0.48,0.48,6460.146,0.48,0.48,6367.451,6452,1763,104,8111,650,25070,22017,325,13,4041,0,0,947,0,262,685,4755,5263,10018,425,650,17.558,23.024,40.582,8.113,1.118,2.002,0.333,4.525,56.673,9.736,3.595,6.141,32.51,1.442,1.369,0.226,1.639,100,12.535,9.93,2.604,0,8.898,21.433,0,7.33,0,2.275,31.037,16.743,52.001,0.219,0.068,68.963,100,100,100,58.33,41.67,9.038,3.156,0,12.193,29.476,0,0,0.37,29.847,7.075,0,0,22.772,0,22.772
12/26/2009,7609,17187,24796,4881,576,1180,232,1667,33332,4986,1871,3115,15024,587,812,130,926,53926,7981,6511,1470,0,5116,13097,0,3691,0,1370,18158,8962,26695,111,33,33,35768,53926,15683,15683,9272,6411,1288,398,0,1686,4725,0,0,33,4758,1380,0,0,3378,0,3378,6324.794,0.53,0.53,6438.481,0.52,0.52,6343.975,3378,845,1558,5781,376,12928,9415,0,69,3958,0,0,626,0,103,523,2346,5263,7609,209,376,14.11,31.871,45.982,9.051,1.068,2.188,0.43,3.091,61.811,9.246,3.47,5.776,27.86,1.089,1.506,0.241,1.717,100,14.8,12.074,2.726,0,9.487,24.287,0,6.845,0,2.541,33.672,16.619,49.503,0.206,0.061,66.328,100,100,100,59.121,40.879,8.213,2.538,0,10.75,30.128,0,0,0.21,30.339,8.799,0,0,21.539,0,21.539
09/26/2009,5263,18201,23464,5057,455,2101,309,4879,36265,4667,1713,2954,10528,559,844,1727,974,53851,6966,5601,1365,0,12316,19282,0,5451,0,1286,26019,8210,19538,84,5,5,27832,53851,9870,9870,6256,3614,1063,358,0,1421,2193,0,0,45,2238,573,0,0,1665,0,1665,6286.203,0.27,0.27,6400.611,0.26,0.26,6298.639,5704,920,3535,10159,1144,46825,30678,0,143,17434,0,0,745,0,82,663,6612,11875,5263,703,1144,9.773,33.799,43.572,9.391,0.845,3.902,0.574,9.06,67.343,8.667,3.181,5.486,19.55,1.038,1.567,3.207,1.809,100,12.936,10.401,2.535,0,22.871,35.806,0,10.122,0,2.388,48.317,15.246,36.282,0.156,0.009,51.683,100,100,100,63.384,36.616,10.77,3.627,0,14.397,22.219,0,0,0.456,22.675,5.805,0,0,16.869,0,16.869
06/27/2009,5605,18617,24222,4180,380,1731,259,4398,35170,4222,1569,2653,6899,577,500,1466,875,48140,5787,4854,933,0,10874,16661,0,4637,0,954,22252,7957,17878,53,5,5,25888,48140,8337,8337,5314,3023,1010,341,0,1351,1672,0,0,60,1732,503,0,0,1229,0,1229,6255.984,0.2,0.2,6364.12,0.19,0.19,6270.146,4039,853,2157,7049,685,34757,21897,0,118,13663,0,0,412,0,68,344,6270,11875,5605,506,685,11.643,38.673,50.316,8.683,0.789,3.596,0.538,9.136,73.058,8.77,3.259,5.511,14.331,1.199,1.039,3.045,1.818,100,12.021,10.083,1.938,0,22.588,34.609,0,9.632,0,1.982,46.224,16.529,37.138,0.11,0.01,53.776,100,100,100,63.74,36.26,12.115,4.09,0,16.205,20.055,0,0,0.72,20.775,6.033,0,0,14.742,0,14.742
03/28/2009,4466,20547,25013,3036,312,1539,306,3647,33853,4097,1551,2546,3865,573,502,1371,527,43237,4868,3976,892,0,8883,13751,0,4323,0,852,18926,7643,16653,15,18,18,24311,43237,8163,8163,5192,2971,985,319,0,1304,1667,0,0,63,1730,525,0,0,1205,0,1205,6238.26,0.19,0.19,6320.951,0.19,0.19,6243.383,2810,658,1311,4779,439,23537,11737,0,85,12324,0,0,169,0,33,136,7409,11875,4466,330,439,10.329,47.522,57.851,7.022,0.722,3.559,0.708,8.435,78.296,9.476,3.587,5.888,8.939,1.325,1.161,3.171,1.219,100,11.259,9.196,2.063,0,20.545,31.804,0,9.998,0,1.971,43.773,17.677,38.516,0.035,0.042,56.227,100,100,100,63.604,36.396,12.067,3.908,0,15.975,20.421,0,0,0.772,21.193,6.431,0,0,14.762,0,14.762
12/27/2008,7236,18411,25647,3413,396,1613,345,3749,35163,3997,1417,2580,2498,566,83,1337,560,42787,5634,4715,919,0,9123,14757,0,4305,0,816,19878,7392,15448,69,15,15,22909,42787,10167,10167,6635,3532,1091,315,0,1406,2126,0,0,158,2284,679,0,0,1605,0,1605,6223.994,0.26,0.26,6310.458,0.25,0.25,6232.904,1605,308,2025,3938,339,13120,4894,0,74,8639,0,0,96,0,34,62,4639,11875,7236,158,339,16.912,43.029,59.941,7.977,0.926,3.77,0.806,8.762,82.182,9.342,3.312,6.03,5.838,1.323,0.194,3.125,1.309,100,13.168,11.02,2.148,0,21.322,34.489,0,10.061,0,1.907,46.458,17.276,36.104,0.161,0.035,53.542,100,100,100,65.26,34.74,10.731,3.098,0,13.829,20.911,0,0,1.554,22.465,6.678,0,0,15.786,0,15.786
